id;title;content;top;top_time;create_time;update_time;read_count
1;niches Small;Compatible Pa'anga hack;false;2021-03-10;2021-03-09;2021-03-10;31092
2;bottom-line index;virtual Ergonomic Steel Table Plastic;true;2021-03-10;2021-03-10;2021-03-10;61035
3;array card North Korean Won;Directives synthesizing;true;2021-03-10;2021-03-09;2021-03-09;14301
4;Platinum Electronics;auxiliary Orchestrator;true;2021-03-09;2021-03-10;2021-03-09;96005
5;Quality;synergistic Home Loan Account;false;2021-03-10;2021-03-09;2021-03-10;32246
6;pink;infomediaries infrastructures;true;2021-03-09;2021-03-09;2021-03-10;3821
7;back-end;Reverse-engineered Checking Account;false;2021-03-09;2021-03-10;2021-03-09;5137
8;users cross-platform contextually-based;architectures;true;2021-03-10;2021-03-10;2021-03-09;34482
9;Bedfordshire payment;Savings Account Bedfordshire withdrawal;false;2021-03-09;2021-03-10;2021-03-09;46712
10;infomediaries magnetic connect;real-time program;true;2021-03-09;2021-03-09;2021-03-09;58034
